Product Name,Base Procurement Price,Base Selling Price,Search Product:,Farari Spicy Namkeen (फरारी तीखा नमकीन),➡️ Go to Product
Farari Spicy Namkeen (फरारी तीखा नमकीन),62,63,,,
Sprite (स्प्राइट) Rs 20,₹475.00,₹485.00,,,
Maaza (माजा) 600 ml,700,₹705.00,,,
Bharat Zarda Green (भारत जर्दा हरा) Rs.10,43,₹43.00,,,
Bharat Zarda Green (भारत जर्दा हरा) Rs 5,43,₹43.00,,,
Mishri (मिश्री),57,70,,,
Revdi (रेवड़ी),90,92,,,
moongfali kacche dane,124,130,,,
sikhe dane (mumfali) 1 kg,140,145,,,
Harish Chips (हरीश चिप्स),160,160,,,
pepsi rs1,180,190,,,
Target Mango (टार्गेट मैंगो),170,185,,,
Ghadhi 1kg Sack (घड़ी 1 kg कट्टा),1630,1700,,,
Balaji Oil (बालाजी तेल) 800 ml,1608,1620,,,
Appy (Appy) Rs 10,340,350,,,
Swastik Toor Dal (स्वस्तिक तुअर दाल),118,124,,,
Wheel Soap (Wheel साबुन) Rs 10 Box,625,635,,,
Eclairs Packet (Eclairs पैकेट),28,₹30.00,,,
Kundan Long Sev (कुन्दन लौंग सेव) 500g,72.5,₹74.00,,,
Natraj Gajak (नटराज गजक),170,₹180.00,,,
Dry Dates / Kharak (खारक),150,160,,,
Sugar S Size (शक्कर S Size),2190,2210,,,
Coconut Biscuit Crate (कोकोनट बिस्कुट पेटी),₹885.00,₹890.00,,,
Paheli (पहेली) Rs 20,258,260,,,
Balaji Oil (बालाजी) 1 Ltr,1778,1788,,,
ACHAR 500G,₹45.00,₹110.00,,,
agarwatti rs 2 outer20 pc,₹40.00,,,,
Advanced Cigarette (एडवांस सिगरेट),,₹110.00,,,
Ajay Toothbrush (अजय टूथब्रश) Rs 10,,₹90.00,,,
20-20 Biscuit Crate (20-20 बिस्किट पेटी),,₹649.00,,,
20-20 Biscuit Blue (20-20 बिस्किट नीला),,₹54.50,,,
420 Maize (420 मक्का),,₹610.00,,,
 Moong Dal (मूंग दाल) POST MAN,₹94.00,₹98.00,,,
 shankar dhaniya 500g,₹80.00,₹168.00,,,
20-20 Biscuit Red (20-20 बिस्किट लाल),,₹54.50,,,
555 Cards (555 तास),,₹330.00,,,
ACHAR 1KG,90,,,,
achar masala  200g outer 5 pack,160,,,,
achar masala 500g,75,,,,
AJWAIN 1KG,170,,,,
Almonds (बादाम),,₹0.82,,,
American Cigarette (अमेरिकन सिगरेट),,₹179.00,,,
Amina 5-Min Henna (अमीना 5 मिनट मेंहदी),,₹48.00,,,
Amina Gold (अमीना गोल्ड),,₹68.00,,,
Ariel Sack (एरियल कट्टा),,₹480.00,,,
Ariel Surf (एरियल सर्फ) 10₹,,₹9.00,,,
Ash Ghee (ऐश घी) 100 ml,,₹0.00,,,
Aunty Rs 5 (आंटी Rs 5),,₹48.00,,,
Babool Toothpaste (बबूल) Rs 10,,₹9.00,,,
Babuji Black Salt (बाबूजी कला नमक),,₹60.00,,,
Babuji Chilli (बाबूजी मिर्च) Rs 10,₹170.00,₹182.00,,,
Babuji Chilli (बाबूजी मिर्ची) 200g,260,275,,,
Babuji Chilli (बाबूजी मिर्ची) 500g,₹130.00,₹135.00,,,
Babuji Coriander (बाबूजी धनिया) 200g,₹200.00,₹215.00,,,
Babuji Coriander (बाबूजी धनिया) Rs 10,₹140.00,₹150.00,,,
Babuji Garam Masala (बाबूजी गरम मसाला) Rs 10 /12,100,108,,,
Babuji Pickle Masala (बाबूजी आचार मसाला) 200g,160,170,,,
Babuji Pickle Masala (बाबूजी आचार मसाला) 500g,150,160,,,
Babuji Rock Salt (बाबूजी सेंदा नमक),,60,,,
Babuji Turmeric (बाबूजी हल्दी) Rs 10,₹170.00,₹182.00,,,
Badam Gajak (बादाम गजक),,₹190.00,,,
Bajaj Bulb (बजाज बल्ब),,₹11.00,,,
Bajaj Bulb Box (बजाज बल्ब पेटी),,"₹1,050.00",,,
Bajaj Oil (बजाज तेल) 100g,,₹78.00,,,
Bajaj Oil (बजाज तेल) 500ml,,₹426.50,,,
Bajaj Oil (बजाज तेल) Rs 10,,₹9.00,,,
Bajaj Oil (बजाज तेल) Rs 85,,₹78.00,,,
Bajaj Oil Generic (बजाज तेल),,17,,,
Baking Soda (मीठा सोडा),,₹54.00,,,
Balaji Oil (बालाजी तेल) 500 g,,₹75.00,,,
Balaji Oil (बालाजी) 15 Ltr,,"₹2,285.00",,,
Balaji Oil (बालाजी) 400 ml,,"₹1,656.00",,,
Balaji Oil (बालाजी) 500 ml,,1800,,,
Banded / Band-aid (बैंडेड),,59,,,
Basmati Rice (बासमती चावल),,₹90.00,,,
Batesha (बतेशा),55,₹58.00,,,
Besan Packet (बेसन पैकेट)  1kg,42.5,85,,,
Bharat Zarda Red (भारत जर्दा लाल) Rs 10,,₹44.00,,,
Bharat Zarda Red (भारत जर्दा लाल) Rs.5,,₹44.00,,,
BIP Masala (BIP मसाला) Rs 20,₹15.00,₹16.00,,,
Black Salt (काला नमक),,₹60.00,,,
Boomer Chewing Gum (boomer चिंगम),,₹0.00,,,
Boroplus (बोरोप्लस) Rs 10,,₹9.00,,,
Boroplus (बोरोप्लस) Rs 5,,4.5,,,
BPL Maize Namkeen (BPL मक्का नमकीन),,60,,,
BPL Maize Sack (BPL मक्का नमकीन कट्ट),,4750,,,
BPL Sour Sweet Namkeen (BPL खट्टा मीठा नमकीन),,₹60.00,,,
Bulb Holder (होल्डर),,₹100.00,,,
Bundi (बूंदी),,₹160.00,,,
Camel Tea (केमल चाय) 250g,,₹310.00,,,
Camel Tea (केमल चाय) Rs 10,,₹9.00,,,
Camel Tea (केमल चाय) Rs 20,,₹18.00,,,
Camphor Box (कपूर डब्बा),,₹150.00,,,
Cashews (काजू),,250,,,
Center Fresh (सेंटर फ्रेश),,₹200.00,,,
Center Fruit (सेंटर फ्रूट),,200,,,
Chakki Bidi (चक्की बीड़ी),,₹85.00,,,
Chameli Oil (चमेली तेल) Rs 10,,₹9.00,,,
Chana Dal (चना दाल),,₹75.00,,,
Chana Dal Sack (चना दाल कट्टा),,"₹2,220.00",,,
Chicken Masala (चिकन मसाला) RS.5,,,,,
Chik Shampoo (चिक शैंपू),,₹0.78,,,
Chik Shampoo Box (चिक शैंपू पेटी),,₹720.00,,,
Chironji (चिरौंजी),,₹52.00,,,
Chuna Crate Extra (चुना ट्यूब),,₹8.00,,,
Chutki (चुटकी),,₹50.00,,,
Clinic 50 Paise Box (क्लीनिक 50 पैसे पेटी),,₹899.00,,,
Clinic Plus 50 Paise (क्लीनिक प्लस Rs 50 पैसे),,0.39,,,
Clinic Plus Rs 1 (क्लीनिक प्लस Rs 1),,₹0.78,,,
Clinic Plus Rs 1 Box (क्लीनिक प्लस Rs 1 पेटी),,₹729.00,,,
Closeup Toothpaste (क्लोजअप) Rs 20,,₹216.00,,,
Coconut Biscuit (कोकोनट बिस्कुट),,90,,,
Coconut Bulb (खोपरा गोला),,₹420.00,,,
Coconut Chocolate (कोकोनट चॉकलेट) 50 Paise,,49,,,
Coconut Flakes (खोपरा लच्छा),,330,,,
Coconut Oil (नारियल तेल) 400 ml,,207,,,
Coconut Oil (नारियल तेल) Rs 20,,192,,,
Coconut Oil (नारियल तेल) Rs 46,,₹36.50,,,
Coconut Oil (नारियल तेल) Rs.10,,96,,,
Coffee (कॉफ़ी) Rs 10,,9,,,
Coffee (कॉफ़ी) Rs 2,,₹135.00,,,
Colgate 110 (कॉलगेट 110),,₹0.00,,,
Colgate Toothpaste (कॉलगेट) 200g,,₹0.00,,,
Colgate Toothpaste (कॉलगेट) Rs 10,,9,,,
Colgate Toothpaste (कॉलगेट) Rs 20,,216,,,
Colgate Toothpaste (कॉलगेट) Rs 73,,₹66.00,,,
Cotton Wicks (रुई बत्ती),,₹36.00,,,
Cream Biscuit (क्रीम बिस्कुट),,₹54.50,,,
Cream Biscuit Box (क्रीम बिस्किट पेटी),,649,,,
Dabar Amla (डाबर आमला) Rs 20,,216,,,
Dal Muth (दाल मुठ),,₹120.00,,,
Daliya (दलिया),,₹40.00,,,
Dant Kanti Toothpaste (दंतकांती टूथपेस्ट) Rs.10,,108,,,
Dates / Khajur (स्ट्रॉबेरी),,780,,,
Dettol Soap (Detol साबुन) Rs 156,,139,,,
Dettol Soap (Detol साबुन) Rs.10,,₹9.00,,,
Dhruvraj Rice (ध्रुवराज चावल),,₹46.00,,,
Diaper Rs 10 (डाइपर Rs 10),,₹80.00,,,
Dish Brush (बर्तन ब्रश),,₹78.00,,,
Dove Conditioner Shampoo (Dove कंडीशनर शैंपू),,78,,,
Dove Sachet (Dove),,₹1.56,,,
Dove Shampoo Box (Dove शैंपू पेटी),,4,,,
Dove Soap (Dove साबुन) Rs 23,,₹21.50,,,
Eclairs Chocolate (इक्लेयर्स चॉकलेट),,136,,,
Eclairs Jar (इक्लेयर्स जาร),,₹136.00,,,
Eveready Thick Cell (एवररेडी सेल मोटा),,₹85.00,,,
Eveready Thin Cell (एवररेडी सेल पतला),,₹85.00,,,
Expect Rich Henna Red (Expect rich मेंहदी लाल),,₹13.00,,,
Expert Rich Henna (Expert rich महंदी) Rs.15,,₹13.00,,,
Expert Soap (Expert साबुन) Rs.5,,4.5,,,
Expert Soap Box (Expert साबुन पेटी),,₹724.00,,,
Eye Capsule (आई कैप्सूल),,₹22.00,,,
Fair & Lovely (फेयर एंड लबली) ₹25,,22,,,
Fair & Lovely (फेयर एंड लवली) Rs 10,,9,,,
Farari Sweet Namkeen (फरारी मीठा नमकीन),,60,,,
Fast Card (फास्ट कार्ड),,9.1,,,
Fennel / Saunf (सौंफ),,92,,,
Figs (अंजीर),,0.74,,,
Fine Sev (बारीक सेव तहलका) 500g,,60,,,
Flake Excel Cigarette (फ्लैक एक्सल सिगरेट),,84,,,
Frooti (फ्रूटी) 2 Ltr,,540,,,
Frooti (फ्रूटी) Rs 10,,380,,,
Frooti (फ्रूटी) Rs 20,,520,,,
Frooti (फ्रूटी) Rs 5,275,285,,,
Frooti Bottle (फूटी Rs 10 बोतल),,₹360.00,,,
Ganesh Bidi (गणेश बीड़ी),,360,,,
Garam Masala Powder (गरम मसाला पाउडर) Rs 20,17,18,,,
Gathiya (गठिया),,72.5,,,
Ghadhi Detergent Bag (घड़ी झोला) Rs 10,480,500,,,
Ghadhi Detergent Powder (घड़ी सर्फ) 10₹,,9,,,
Ghadhi Detergent Powder (घड़ी सर्फ) 1kg,,₹68.00,,,
Ghadhi Detergent Powder (घड़ी सर्फ) 500g,,34,,,
Ghadhi Detergent Powder (घड़ी सर्फ) Rs 20,,₹18.00,,,
Ghadhi Detergent Sack (घड़ी 500g कट्टा),,"₹1,350.00",,,
Ghadhi Rs 20 Sack (घड़ी Rs 20 कट्टा),,₹0.00,,,
Ghadhi Soap (घड़ी साबुन) Rs 10,,₹9.00,,,
Ghadhi Soap (घड़ी साबुन) Rs 5,,₹4.50,,,
Ghadhi Soap Box Rs.5 (घड़ी साबुन पेटी Rs.5),,₹499.00,,,
Gillette Blade (Gillette ब्लेड),,₹105.00,,,
Ginger Paste (अदरक पेस्ट)RS 5,3.5,3.9,,,
Gitte Rs 10 (गिट्टे Rs 10),,₹66.00,,,
Gitte Rs 5 (गिट्टे Rs 5),,₹92.00,,,
Godrej No. 1 Soap (godrej no 1 साबुन),,₹9.00,,,
Godrej No. 1 Soap Box (No.1 साबुन पेटी),,"₹1,860.00",,,
Gold Flake Cigarette (गोल्ड फ्लैक सिगरेट),,₹114.00,,,
Goodricke Tea (गुड़रिक चाय) 1 kg,,₹355.00,,,
Goodricke Tea (गुडरिक चाय) outer rs20,750,,,,
Goodricke Tea (गुडरिक चाय) Rs.10,,207,,,
Goodricke Tea (गुडरिक चाय) Rs.20,,17,,,
Goodricke Tea (गुड़रीक चाय) 250g,,345,,,
Goodricke Tea (गुड़रीक चाय) 500g,,₹335.00,,,
Goyal Black Salt (गोयल कला नमक),,₹60.00,,,
Goyal Rock Salt (गोयल सेंधा नमक),,₹60.00,,,
Gram / Chana (चना),,99,,,
Gudal Gulal (गुडल गुलाल),,10,,,
Guru Tea (गुरु चाय) 200g,,275,,,
Hajmola (हाजमोला),,15,,,
Happy Biscuit (हैप्पी बिस्किट),,110,,,
Happy Happy Box (हैप्पी हैप्पी पेटी),,649,,,
Head & Shoulders Shampoo (हेड एंड सोल्डर शैंपू),,1.56,,,
Hero Bidi (हीरो बीड़ी),,85,,,
Hindi Notebook (हिंदी कॉपी),,₹14.00,,,
Honey Rs 24 (शहद Rs 24),,₹19.50,,,
Hunk (हंक),,134,,,
Imli Chocolate (इमली चॉकलेट),,49,,,
Imli Churan (इमली चूरन),,₹20.00,,,
Imli Tadka (इमली तड़का),,110,,,
Incense Bag (अगरबत्ती बैग),,40,,,
Incense Sticks (अगरबत्ती),,25,,,
Incense Sticks (अगरबत्ती) Rs.2,,70,,,
Incense Sticks Alternative (अगरबत्ती),,₹1.56,,,
Indimint Cigarette (इंडिमिंट सिगरेट),,₹112.00,,,
Janeu / Sacred Thread (जनेऊ),,₹48.00,,,
Jarda Open (जर्दा खुल्ला),,120,,,
jira 1kg,240,,,,
Kacha Mango Box (कच्चा मैंगो बॉक्स),,136,,,
Kacha Mango Chocolate (कच्चा मैंगो चॉकलेट पैकेट),,₹49.00,,,
kapoor rs 1 outer price,100,,,,
Kashi Incense (काशी अगरबत्ती),,₹99.00,,,
Kashmiri Chilli (कश्मीरी मिर्च) Rs 10,9,₹9.00,,,
Katha (कत्था),,₹0.00,,,
Kira Betel Nut (किरा सुपारी) Rs 630,,₹315.00,,,
Kira Betel Nut (किरा सुपारी) Rs 680,,₹340.00,,,
Kira Betel Nut (किरा सुपारी) Rs 730,,₹365.00,,,
Krack Jack Biscuits (क्रैक जैक बिस्कुट),,109,,,
Krack Jack Box (क्रैक जैक पेटी),,₹649.00,,,
Kriti Oil (कृति तेल) 15 Ltr,,2515,,,
Kross Cigarette (क्रास सिगरेट),,98,,,
Kuber Maize Namkeen (कुबेर मक्का नमकीन),,122.5,,,
kuberkhatta mittha 500g,120,124,,,
Kundan Long Sev Sack (कुन्दन लौंग सेव कट्टा),,5720,,,
Kundan Namkeen (कुन्दन नमकीन) 500g,,62,,,
Kundan Namkeen Sack (कुन्दन नमकीन कट्टा),,4720,,,
Kundan Sev (कुन्दन सेव) 500g,,62,,,
Kundan Sev Sack (कुन्दन सेव कट्टा),,4720,,,
Kundan Special Namkeen (कुन्दन स्पेशल नमकीन),,74,,,
Kundan Special Namkeen Sack (कुन्दन स्पेशल नमकीन कट्टा),,"₹5,720.00",,,
Laddu (लड्डू),,190,,,
Lamsa Tea (लमसा चाय),,0,,,
Large Raisins (बड़ी मुनक्का),,400,,,
Liberty Cigarette (लिबर्टी सिगरेट),,₹55.00,,,
Lifebuoy Soap (लाइफबॉय साबुन),,"₹1,584.00",,,
Lifebuoy Soap Box (लाइफबॉय Rs 10 पेटी),,"₹1,850.00",,,
Lime Bucket (चूना बाल्टी),,₹399.00,,,
Lime Packet (चुना पैकेट),,₹8.00,,,
Lime Sack (चूना कट्टा),,₹180.00,,,
Lime Sack Alternate (चुना कट्टा),,₹320.00,,,
Lime Tube (चुना ट्यूब),,₹8.00,,,
Loban (लोबान),,₹199.00,,,
Lollipop (लॉलीपॉप),,₹50.00,,,
Lunch Box (लंच बॉक्स),,220,,,
Lux Soap (lux साबुन),,9,,,
Lux Soap Box (Lux साबुन पेटी),,1861,,,
Maaza (माजा) Rs 20,,529,,,
Maaza (माजा) Rs.10,,₹299.00,,,
Maaza Bottles (माजा Rs 10 बोतले),,380,,,
Maggie (मैगी) Rs 10,,8.33,,,
Maggie (मैगी) Rs 5,,4.16,,,
Maggie Box (मैगी Rs 10 पेटी),,1049,,,
Maggie Box Small (मैगी Rs 5 पेटी),,1005,,,
Maggie Masala (मैगी मसाला),,₹4.50,,,
Maida (मैदा) 500G,19,20,,,
Makhana (मखाने) 250g,,₹205.00,,,
Man Mandir Incense (मन मंदिर अगरबत्ती),,99,,,
Margo Soap (मार्गो साबुन) Rs 10,,₹9.00,,,
Marker Rs 10 (मार्कर Rs 10),,₹8.00,,,
Masoor Dal (मसूर दाल),,₹87.00,,,
Mastan (मस्तान) ₹1,,50,,,
Mastan (मस्तान) ₹5,,50,,,
Matchbox Case Rs 2 (माचिस Rs 2 पेटी),,₹399.00,,,
Matchbox Rs 1 (माचिस Rs. 1),,₹42.00,,,
Matchbox Rs 2 (माचिस Rs.2),,₹81.00,,,
Melody Chocolate (मेलोडी चॉकलेट),,₹136.00,,,
Migland Cigarette (MIGLAND सिगरेट),,₹18.00,,,
Milk Cube Chocolate (मिल्क क्यूब चॉकलेट),,85,,,
Mint Cigarette (मिंट सिगरेट),,84,,,
Mirinda (MRINDA) 2 Ltr,,749,,,
Moong Dal (मूंग दाल),,96,,,
Mordana (मोरदाना),,42.5,,,
Mustard Oil (सरसों तेल) 1 Ltr,,₹150.00,,,
Mustard Oil (सरसों तेल) 200 ml,,₹37.00,,,
Mustard Oil (सरसों तेल) 500 ml,,79.5,,,
Mustard Oil (सरसों तेल) Rs 10,,6.5,,,
Mustard Oil (सरसों तेल) Rs 20,,168,,,
Mysore Pak / Barfi (मैसूर बर्फी),,₹190.00,,,
Nakhrali (नखराली),,₹50.00,,,
Navjyoti Zarda (नवज्योति जर्दा) Rs 5,,₹84.00,,,
Navjyoti Zarda (नवज्वोली जर्दा) 500 g,,40,,,
Navratna Oil (नवरत्न तेल),,0.78,,,
Neelam Masala (नीलम मसाला) 50g,23,₹28.50,,,
Neema Sandal Soap (नीमा सैंडल साबुन),,58,,,
Nirma Green Soap Set (निरमा हरा साबुन सेट),,104,,,
Nirma Soap (निरमा साबुन),,9,,,
Nisha Black Henna (निशा काली मेंहदी),,₹80.00,,,
Nisha Red (निशा लाल),,₹80.00,,,
Nita Henna (नीता मेंहदी),,₹48.00,,,
No. 2 Bidi (2 नम्बर बीड़ी),,₹170.00,,,
No. 2 Bidi Alternate (2 नंबर बीड़ी),,₹270.00,,,
Nova Powder (नोवा पाउडर),,₹75.00,,,
Nukti Rang Rs 5 (नुकती रंग Rs 5),,4.2,,,
Online Bidi (ऑनलाइन बीड़ी) Rs 15,,273,,,
Online Bidi (オンライン बीड़ी) Rs 10,170,173,,,
Open Balaji Oil (बालाजी तेल खुल्ला) 1 Ltr,,149.5,,,
Open Balaji Oil (बालाजी तेल खुल्ला) 500 ml,,75,,,
Open Besan (बेसन खुल्ला),,₹80.00,,,
Open Poha (पोहा खुल्ला),,₹45.00,,,
Open Tea (चाय खुली) Rs 260,,₹260.00,,,
Open Tea (चाय खुली) Rs 280,,₹280.00,,,
Paheli (पहेली) Rs 10,,₹260.00,,,
Paheli (पहेली) Rs 40,368,₹370.00,,,
Pan Bahar (पान बाहर),,₹240.00,,,
Panchang Dhoop (पंचाग धूप) Rs 5,,₹0.00,,,
Papad (पापड़) Rs 20,₹13.00,₹15.00,,,
Parachute Coconut Oil (पैराशूट नारियल तेल) Rs 10,,₹216.00,,,
Parle (पारले) Rs 10,,₹109.00,,,
Parle (पारले) Rs 30,,₹27.50,,,
Parle Biscuits (पारले बिस्कुट) Rs.5,,₹109.00,,,
Parle Box (पारले Rs 10 पेटी),,649,,,
Parle Box Large (पारले Rs 30 peti),,"₹1,296.00",,,
Parle Box Small (पारले Rs 5 पेटी),,₹649.00,,,
Parmal Rice (परमल),,₹29.00,,,
Pasta (पास्ता),,₹45.00,,,
Pasta Masala (पास्ता मसाला),,₹0.00,,,
Patanjali Dant Kanti (पतंजलि दंतकांति) Rs 20,,18,,,
Patanjali Dant Kanti (पतंजलि दंतकांती) 100g,,624.5,,,
Patanjali Haldi Chandan Soap (पतंजलि हल्दी चंदन साबुन) Rs 10,,₹9.00,,,
Patanjali Kesh Kanti Shampoo (पतंजलि केशकांति शैंपू),,₹0.80,,,
Patanjali Maggie (पतंजलि मैगी) Rs 12,,8,,,
Patanjali Milk  Biscuit Box (पतंजलि दूध Rs 5 पेटी),,₹890.00,,,
Patanjali Milk Biscuit (पतंजलि दूध बिस्किट) Rs 10,,90,,,
Patanjali Milk Biscuit (पतंजलि दूध बिस्कुट) Rs 5,,90,,,
Peanuts Roasted 500g (सीके दाने मोमफली 500g),,72.5,,,
Pickle Masala (आचार मसाला),,79,,,
Poha Packet (पोहा पैकेट),,55,,,
Poha Plate (पोहा प्लेट),,₹6.50,,,
Poha Sack (पोहा कट्टा),,1260,,,
Polythene 10kg (पन्नी 10 kg),,170,,,
Polythene 10kg Apple (पन्नी 10 kg apple),,200,,,
Polythene 1kg (पन्नी 1 kg),,₹42.00,,,
Polythene 2kg (पन्नी 2 kg),,₹40.00,,,
Polythene 500g (पन्नी 500g),,₹42.00,,,
Ponds Cream (पॉन्ड्स क्रीम) Rs 10,,₹9.00,,,
Pooja Path Incense (पूजा पाठ अगरबत्ती) Rs 10,,₹99.00,,,
Pooja Path Incense (पूजा पाठ अगरबत्ती) Rs 20,,₹99.00,,,
Pooja Path Incense (पूजा पाठ अगरबत्ती) Rs 5,,49,,,
Prem Dulhan Henna (प्रेम दुल्हन मेंहदी),,48,,,
Pujan Ghee (पूजन घी) 100 ml,,0,,,
Pulse (पल्स),,142,,,
Punga Mix (पुंगा मिक्स),,45,,,
Punjab White Rice (पंजाब सफेद चावल),,36.5,,,
Punjab White Rice Sack (पंजाब सफेद चावल कट्टा),,1065,,,
Raisins (किसमिस) 500g,,250,,,
Raisins Generic (मुनक्का),,₹240.00,,,
Rajshree (राजश्री) Rs 60,,₹370.00,,,
Rajshree (राजश्री) Rs.10,,195,,,
Rajshree (राजश्री) Rs.20,,₹239.00,,,
Rajshree (राजश्री) Rs.40,,₹324.00,,,
Rajshree Sack 20 (राजश्री 20 बोरा),"₹24,300.00","₹24,400.00",,,
Rajshree Sack 40 (राजश्री 40 बोरा),,"₹32,800.00",,,
Ratlam Sev (रतलाम सेव) 500g,,₹60.00,,,
Rava / Suji (रवा),,40,,,
Richie Oil (रिची) 1 Ltr,,1776,,,
Richie Oil (रिची) 15 Ltr,,2310,,,
Richie Oil (रिची) 400 ml,,1632,,,
Richie Oil (रिची) 5 Ltr,,₹780.00,,,
Richie Star (रिची स्टार) 800ml,,"₹1,662.00",,,
RK Blade (RK blade),,₹39.00,,,
Roli Chandan Incense (रोली चंदन अगरबत्ती),,₹99.00,,,
Round Betel Nut (गोला सुपारी),,₹600.00,,,
Round Betel Nut Alt (गोल सुपारी),,₹0.00,,,
Ruchi Oil (रुचि) 750 ml,"₹1,584.00","₹1,608.00",,,
Ruchi Star (रुचि स्टार) 15 Ltr,,"₹2,405.00",,,
Sabudana Open (साबूदाना खुल्ला),,₹59.00,,,
Sachha Moti Sabudana (सच्चा मोती साबूदाना) 500g,,36,,,
Salt (नमक),,196,,,
Sanan Tea 250 (सनन चाय 250),,300,,,
Sanchi Ghee (सांची घी) 1 kg,,₹585.00,,,
Sanchi Ghee (सांची घी) 200ml,₹595.00,₹121.00,,,
Sanchi Ghee (सांची घी) 500 ml,,595,,,
Santoor Soap (संतूर साबुन),,"₹1,332.00",,,
Scrap Paper 6.3kg (रद्दी 6.3 kg),,₹226.80,,,
Scrap Paper Generic (रद्दी),,₹35.00,,,
Sehor Papdi Namkeen (सीहोर पपड़ी नमकीन) 500g,,₹60.00,,,
Sela Rice (सेला चावल),,₹36.00,,,
Setmax (सेटमैक्स),,₹61.00,,,
Shankar Chilli (शंकर मिर्च) 100g,₹250.00,₹260.00,,,
Shankar Chilli (शंकर मिर्च) 200g  /5,₹250.00,₹260.00,,,
Shankar Chilli (शंकर मिर्च) Rs.10,₹170.00,₹178.00,,,
Shankar Chilli (शंकर मिर्ची) 500g,,,,,
Shankar Chilli (शंकर मिर्ची) Rs 20,₹170.00,₹0.00,,,
Shankar Coriander (शंकर धनिया) 100g,₹152.00,₹164.00,,,
Shankar Coriander (शंकर धनिया) 200g,150,₹178.00,,,
Shankar Coriander (शंकर धनिया) Rs 10,150,₹159.00,,,
Shankar Turmeric (शंकर हल्दी) 200g,125,₹263.00,,,
Shankar Turmeric (शंकर हल्दी) 500g,120,₹258.00,,,
Shankar Turmeric (शंकर हल्दी) Rs 10 /PIEC20,170,182,,,
Shankar Turmeric (शंकर हल्दी) Rs 20,170,0,,,
Shanti Amla (शांति आमला) 500 ml,,122,,,
Shanti Amla (शांति आमला) Rs.10,,₹96.00,,,
Shanti Amla (शांति आंवला) Rs 20,,₹192.00,,,
Shanti Amla (शांति आंवला) Rs 40,,₹35.00,,,
Siki Cut Betel Nut (सीकी कटी सुपारी),,0.56,,,
Siki Kira Betel Nut (सीकी किरा सुपारी),,0,,,
Sindoor (सिंदूर),,₹0.35,,,
Sneaker (स्नेकर),,₹134.00,,,
Sneaker Rs 2 (स्नेकर Rs 2),,270,,,
Soan Papdi (सोनपापड़ी),,₹170.00,,,
Soni Gold Betel Nut (सोनी गोल्ड सुपारी),,₹280.00,,,
Soya Chunks (सोयाबीन बड़ी),,₹100.00,,,
Soya Kirti (सोया कीर्ति) 5 Ltr,,₹780.00,,,
Special Sher Bidi (स्पेशल शेर बीड़ी),,₹358.00,,,
Spring Pasta (स्प्रिंग पास्ता),,₹45.00,,,
Sprite (स्प्राइट) 2 Ltr,,₹860.00,,,
Sprite (स्प्राइट) 740 ml,,₹730.00,,,
Sting (STRING) RS 20,,₹560.00,,,
Sugar (शक्कर),,44.5,,,
Sugar M31 (शक्कर m 31),,"₹2,260.00",,,
Sunsilk Shampoo (Sunsilk shampoo),,₹0.78,,,
Surf Excel Rs. 10 Sack (surfexcel Rs. 10 कट्टा),,"₹1,049.00",,,
Sweety (स्वीटी) ₹2,,50,,,
Sweety (स्वीटी) ₹5,,50,,,
Tanman 5 kg (तनमन 5 kg),,380,,,
Tape (टैप),,₹180.00,,,
Tasty 500g (टेस्टी 500g),,₹72.50,,,
Tata Salt (टाटा नमक),,810,,,
Tea Disposals (च่าย disposals),,₹6.00,,,
Tiger Biscuit (टाइगर बिस्कुट),,₹110.00,,,
Tiger Box (टाइगर Rs 5 पेटी),,649,,,
Toast (टोस्ट),,₹188.00,,,
Tomato Sauce (टमाटर सॉस),,₹13.00,,,
Toor Dal Ghar Grihasthi (तुअर दाल घर गृहस्थी),,₹112.00,,,
Toor Dal Postman (तुअर दाल पोस्टमैन),,130,,,
Toothbrush (टूथब्रश) Rs 20,,₹144.00,,,
Urad Dal (उड़द दाल),,₹122.00,,,
Varalaxmi Sabudana (वरलक्ष्मी साबूदाना),,₹36.00,,,
Vatika Shampoo Box (वाटिका शैंपू पेटी),,₹669.00,,,
Vatika Shampoo Sachet (वाटिका),,0.78,,,
Vim Soap (vim साबुन) Rs.10,,9,,,
Vim Soap (vim साबुन) Rs.30,,29,,,
Vim Soap (vim साबुन) Rs.5,,4.5,,,
Vimal 10 (बिमल 10₹),,179,,,
Vimal 20 (बिमल 20₹),180,179,,,
Vimal 50 (बिमल 50₹),,₹449.00,,,
Water Bottle (पानी) 1 Ltr,90,₹0.00,,,
Water Bottle (पानी) 500 ml,150,0,,,
Water Disposal (पानी डिस्पोजल),,20,,,
water pouch bori,60,,,,
Wheel Soap (Wheel साबुन) Rs 5 Box,,652,,,
Wheel Soap (wheel साबुन) Rs.10,,9,,,
Wheel Soap (wheel साबुन) Rs.5,,4.5,,,
Wheel Soap Alternative Box (wheel साबुन Rs 10 पेटी),,645,,,
Whole Garam Masala (गरम मसाला खड़ा) RS 10,₹80.00,₹96.00,,,
Wilkinson Blade (बिल्कीलिंटन ब्लेड),,96,,,
pears sabun,18,18,,,
signature 50,250,250,,,
khada masala  200g,250,255,,,
big munakka ,280,400,,,
kaju,800,850,,,
Nukti Rang  (नुकती रंग  200g,50,60,,,
badam ,870,,,,
kismis 1kg,425,,,,
 roli r10 outer,80,,,,
dhupbatti rs20,15,,,,
garam masala rs10,8,,,,
Lux Soap Box,1861,,,,
Rajshree Rs.20,239,,,,
Rajshree Rs.40,324,,,,
Rajshree Rs.60,370,,,,
Kiya Supari Rs.630,315,,,,
Kiya Supari Rs.680,340,,,,
Kundan Sev 500g,62,,,,
Sugar S Size,2210,,,,
Coconut with Husk,18,,,,
Coconut Chocolate 50 Paise,49,,,,
Swastik Toor Dal,122,,,,
Mustard Oil 500 ml,79.5,,,,
Shanti Amla Rs.10,96,,,,
Shanti Amla Rs.20,192,,,,
Masoor Dal,87,,,,
Parle Rs.10 Box,649,,,,
Chakki Bidi,85,,,,
Bajaj Bulb,11,,,,
Melody Chocolate,136,,,,
Patanjali Milk Biscuit Rs.5,90,,,,
Toast,188,,,,
Varalakshmi Sabudana,36,,,,
Revdi,92,,,,
Babuji Pickle Masala 200g,170,,,,
Colgate Rs.20,16,,,,
Wheel Soap Rs.10,49,,,,
Santoor Soap,9,,,,
Lux Soap,9,,,,
Lifebuoy Soap,9,,,,
Ghadi 500g Sack,1350,,,,
Kundan Namkeen 500g,62,,,,
BPL Khatta Meetha Namkeen,62,,,,
Special Sher Bidi,358,,,,
Paheli Rs.20,260,,,,
Black Excel Cigarette,79,,,,
American Cigarette,179,,,,
Rajshree Rs.10,195,,,,
Bharat Zarda Lal Rs.5,44,,,,
Soni Gold Supari,269.5,,,,
Toor Dal Ghar Grihasti,110,,,,
Chironji,52,,,,
sarso 500ml,160,,,,
rui battiti,30,,,,
sarso oil 10rs,,,,,
Maida (मैदा) bag  500G,1140,,,,
agrwatti jhola,35,,,,
tanman 500g 1 katta,1350,,,,
khopra bhura,160,,,,
baba elaichi,45,,,,